C,Qflow,STCs
50.0,0.00011333333333333334,0.01626369098114476
75.0,0.00011333333333333334,0.022463165618591092
50.0,0.00017,0.02157986923646911
75.0,0.00017,0.029529196675938816
